Domain,IP
proxy.farel.is-a.dev,140.238.144.211
proxy.farel.is-a.dev,193.122.177.228
proxy.farel.is-a.dev,129.153.58.59
proxy.farel.is-a.dev,150.136.102.41
proxy.farel.is-a.dev,150.136.117.165
proxy.farel.is-a.dev,140.238.103.244
proxy.farel.is-a.dev,141.145.223.27
proxy.farel.is-a.dev,152.67.136.122
proxy.farel.is-a.dev,132.145.30.102
proxy.farel.is-a.dev,141.144.195.228
proxy.farel.is-a.dev,193.123.161.112
proxy.farel.is-a.dev,161.33.212.191
proxy.farel.is-a.dev,138.2.13.73
proxy.farel.is-a.dev,140.83.35.225
proxy.farel.is-a.dev,140.245.89.136
proxy.farel.is-a.dev,150.230.78.183
proxy.farel.is-a.dev,64.181.188.99
proxy.farel.is-a.dev,152.67.41.217
proxy.farel.is-a.dev,129.151.113.165
proxy.farel.is-a.dev,192.9.175.224
proxy.farel.is-a.dev,137.23.29.90
proxy.farel.is-a.dev,84.235.250.237
proxy.farel.is-a.dev,207.211.153.234
proxy.farel.is-a.dev,168.138.8.162
proxy.farel.is-a.dev,152.67.125.174
